{
  "version": 1,
  "author": "Swetha S",
  "editor": "wokwi",
  "parts": [
    { "type": "wokwi-breadboard-mini", "id": "bb1", "top": -135.8, "left": 285.6, "attrs": {} },
    { "type": "wokwi-breadboard-mini", "id": "bb2", "top": 46.6, "left": 612, "attrs": {} },
    { "type": "wokwi-breadboard-mini", "id": "bb3", "top": 37, "left": -31.2, "attrs": {} },
    { "type": "wokwi-breadboard-mini", "id": "bb4", "top": 238.6, "left": 295.2, "attrs": {} },
    { "type": "wokwi-arduino-mega", "id": "mega", "top": 10.2, "left": 178.8, "attrs": {} },
    {
      "type": "wokwi-led",
      "id": "led1",
      "top": 15.6,
      "left": 704.6,
      "attrs": { "color": "green" }
    },
    {
      "type": "wokwi-led",
      "id": "led2",
      "top": 15.6,
      "left": 666.2,
      "attrs": { "color": "yellow" }
    },
    { "type": "wokwi-led", "id": "led3", "top": 15.6, "left": 627.8, "attrs": { "color": "red" } },
    {
      "type": "wokwi-led",
      "id": "led4",
      "top": 206.5,
      "left": 388.59,
      "attrs": { "color": "green" }
    },
    {
      "type": "wokwi-led",
      "id": "led5",
      "top": 207.6,
      "left": 349.4,
      "attrs": { "color": "yellow" }
    },
    { "type": "wokwi-led", "id": "led6", "top": 207.6, "left": 311, "attrs": { "color": "red" } },
    { "type": "wokwi-led", "id": "led7", "top": 6, "left": 61.4, "attrs": { "color": "green" } },
    {
      "type": "wokwi-led",
      "id": "led8",
      "top": 4.8,
      "left": 23.79,
      "attrs": { "color": "yellow" }
    },
    { "type": "wokwi-led", "id": "led9", "top": 6, "left": -15.4, "attrs": { "color": "red" } },
    {
      "type": "wokwi-led",
      "id": "led10",
      "top": -166.8,
      "left": 378.2,
      "attrs": { "color": "green" }
    },
    {
      "type": "wokwi-led",
      "id": "led11",
      "top": -166.8,
      "left": 339.8,
      "attrs": { "color": "yellow" }
    },
    {
      "type": "wokwi-led",
      "id": "led12",
      "top": -166.8,
      "left": 301.4,
      "attrs": { "color": "red" }
    },
    {
      "type": "wokwi-hc-sr04",
      "id": "ultrasonic1",
      "top": -33.3,
      "left": 749.7,
      "rotate": 90,
      "attrs": { "distance": "2" }
    },
    {
      "type": "wokwi-hc-sr04",
      "id": "ultrasonic2",
      "top": -80.33,
      "left": -184.06,
      "rotate": 270,
      "attrs": { "distance": "400" }
    },
    {
      "type": "wokwi-hc-sr04",
      "id": "ultrasonic3",
      "top": -151.36,
      "left": 472.77,
      "attrs": { "distance": "400" }
    },
    {
      "type": "wokwi-hc-sr04",
      "id": "ultrasonic4",
      "top": 293.93,
      "left": 481.69,
      "rotate": 180,
      "attrs": { "distance": "400" }
    },
    {
      "type": "wokwi-resistor",
      "id": "r1",
      "top": -96.2,
      "left": 286.8,
      "rotate": 90,
      "attrs": { "value": "1000" }
    },
    {
      "type": "wokwi-resistor",
      "id": "r2",
      "top": 76.6,
      "left": 46.8,
      "rotate": 90,
      "attrs": { "value": "1000" }
    },
    {
      "type": "wokwi-resistor",
      "id": "r3",
      "top": 76.6,
      "left": 8.4,
      "rotate": 90,
      "attrs": { "value": "1000" }
    },
    {
      "type": "wokwi-resistor",
      "id": "r4",
      "top": 81.6,
      "left": -29.35,
      "rotate": 90,
      "attrs": { "value": "1000" }
    },
    {
      "type": "wokwi-resistor",
      "id": "r5",
      "top": 278.2,
      "left": 334.8,
      "rotate": 90,
      "attrs": { "value": "1000" }
    },
    {
      "type": "wokwi-resistor",
      "id": "r6",
      "top": 278.2,
      "left": 296.4,
      "rotate": 90,
      "attrs": { "value": "1000" }
    },
    {
      "type": "wokwi-resistor",
      "id": "r7",
      "top": -96.2,
      "left": 363.6,
      "rotate": 90,
      "attrs": { "value": "1000" }
    },
    {
      "type": "wokwi-resistor",
      "id": "r9",
      "top": 86.2,
      "left": 690,
      "rotate": 90,
      "attrs": { "value": "1000" }
    },
    {
      "type": "wokwi-resistor",
      "id": "r10",
      "top": 86.2,
      "left": 651.6,
      "rotate": 90,
      "attrs": { "value": "1000" }
    },
    {
      "type": "wokwi-resistor",
      "id": "r11",
      "top": 86.2,
      "left": 613.2,
      "rotate": 90,
      "attrs": { "value": "1000" }
    },
    {
      "type": "wokwi-resistor",
      "id": "r12",
      "top": 278.2,
      "left": 373.2,
      "rotate": 90,
      "attrs": { "value": "1000" }
    },
    {
      "type": "wokwi-vcc",
      "id": "vcc1",
      "top": 286.17,
      "left": 174.56,
      "rotate": 180,
      "attrs": {}
    },
    { "type": "wokwi-gnd", "id": "gnd1", "top": 288.93, "left": 219.56, "attrs": {} },
    {
      "type": "wokwi-resistor",
      "id": "r8",
      "top": -91.2,
      "left": 316.25,
      "rotate": 90,
      "attrs": { "value": "1000" }
    }
  ],
  "connections": [
    [ "bb3:3b.g", "bb3:7b.g", "green", [ "v0.43", "h37.7" ] ],
    [ "bb3:11b.g", "bb3:7b.g", "green", [ "v0" ] ],
    [ "bb1:3b.g", "bb1:7b.g", "green", [ "v0" ] ],
    [ "bb1:11b.g", "bb1:7b.g", "green", [ "v1.35", "h-38.45" ] ],
    [ "bb4:3b.g", "bb4:7b.g", "green", [ "v1.4", "h38.39" ] ],
    [ "bb4:11b.g", "bb4:7b.g", "green", [ "v0" ] ],
    [ "bb2:3b.g", "bb2:7b.g", "green", [ "v0" ] ],
    [ "bb2:11b.g", "bb2:7b.g", "green", [ "v0.48", "h-38.63" ] ],
    [ "ultrasonic2:GND", "bb3:7b.i", "black", [ "h157.64", "v3.11" ] ],
    [ "bb3:7b.i", "mega:GND.2", "black", [ "v63.66", "h314.23" ] ],
    [ "ultrasonic4:GND", "bb4:7b.h", "black", [ "v-17.98", "h-76.75", "v0" ] ],
    [ "bb4:7b.h", "mega:GND.3", "black", [ "v1.45", "h-85.84", "v-126.28", "h82.43" ] ],
    [ "ultrasonic1:GND", "bb2:7b.h", "black", [ "h-33.82", "v118.03" ] ],
    [ "bb2:7b.h", "mega:GND.5", "black", [ "v0" ] ],
    [ "ultrasonic3:GND", "bb1:7b.h", "black", [ "v0" ] ],
    [ "bb1:7b.h", "mega:GND.1", "black", [ "v40.86", "h-62.2" ] ],
    [ "bb1:4t.b", "mega:10", "violet", [ "v108.89", "h9.56" ] ],
    [ "bb1:8t.b", "mega:9", "gold", [ "v107.14", "h-20.94" ] ],
    [ "bb1:12t.b", "mega:8", "green", [ "v110.64", "h-42.68" ] ],
    [ "bb3:8t.b", "mega:12", "gold", [ "v-57.77", "h88.02" ] ],
    [ "bb3:12t.b", "mega:11", "green", [ "v-61.28", "h238.16" ] ],
    [ "bb2:4t.b", "mega:23", "violet", [ "v-64.74", "h-86.2", "v21.05" ] ],
    [ "bb2:12t.b", "mega:27", "green", [ "v-62.11", "h-155.11", "v41.86" ] ],
    [ "bb2:8t.b", "mega:25", "gold", [ "v0" ] ],
    [ "bb3:4t.b", "mega:13", "magenta", [ "v-65.66", "h295.67" ] ],
    [ "ultrasonic2:ECHO", "mega:6", "blue", [ "h127.82", "v24.68", "h303.42" ] ],
    [ "ultrasonic2:TRIG", "mega:7", "orange", [ "h0" ] ],
    [ "ultrasonic2:VCC", "mega:IOREF", "red", [ "h151.5", "v236.19", "h215.72" ] ],
    [ "ultrasonic3:VCC", "mega:5V.1", "red", [ "v0" ] ],
    [ "ultrasonic3:ECHO", "mega:4", "blue", [ "v57.56", "h-169.35" ] ],
    [ "ultrasonic3:TRIG", "mega:5", "red", [ "v42.66", "h-165.49" ] ],
    [ "ultrasonic1:VCC", "mega:5V.2", "red", [ "h-9.26", "v-8.94", "h-227.13" ] ],
    [ "ultrasonic1:TRIG", "mega:31", "orange", [ "h-201.31", "v54.72" ] ],
    [ "ultrasonic1:ECHO", "mega:29", "blue", [ "h-209.2", "v30.69" ] ],
    [ "ultrasonic4:VCC", "mega:5V", "red", [ "v-94.28", "h-237.41" ] ],
    [ "ultrasonic4:TRIG", "mega:44", "orange", [ "v-10.97", "h12.87", "v-151.71" ] ],
    [ "bb4:12t.b", "mega:50", "green", [ "v-3.31", "h109.35", "v-94.71", "h17.65" ] ],
    [ "bb4:4t.b", "mega:46", "violet", [ "v11.6", "h181.76", "v-131.54" ] ],
    [ "bb4:8t.b", "mega:48", "gold", [ "v-11.2", "h153.01", "v-98.22" ] ],
    [ "ultrasonic4:ECHO", "mega:42", "blue", [ "v-175.83", "h2.09" ] ],
    [ "gnd1:GND", "mega:GND.2", "black", [ "v-88.29", "h124.01" ] ],
    [ "vcc1:VCC", "mega:VIN", "red", [ "v-109.9", "h185.6" ] ],
    [ "bb3:3b.g", "r4:2", "green", [ "v-9.6" ] ],
    [ "bb3:3b.g", "r3:2", "green", [ "v0" ] ],
    [ "bb3:3b.g", "r2:2", "green", [ "v0" ] ],
    [ "led9:C", "r4:1", "green", [ "v0" ] ],
    [ "r3:1", "led8:C", "green", [ "h0" ] ],
    [ "r2:1", "led7:C", "green", [ "h0" ] ],
    [ "bb4:3b.g", "r6:2", "green", [ "v0" ] ],
    [ "bb4:3b.g", "r5:2", "green", [ "v0" ] ],
    [ "bb4:3b.g", "r12:2", "green", [ "v0" ] ],
    [ "led6:C", "r6:1", "green", [ "v9.6", "h0.4" ] ],
    [ "r5:1", "led5:C", "green", [ "h0" ] ],
    [ "r12:1", "led4:C", "green", [ "h0" ] ],
    [ "bb2:3b.g", "r11:2", "green", [ "v0" ] ],
    [ "bb2:3b.g", "r10:2", "green", [ "v0" ] ],
    [ "bb2:3b.g", "r9:2", "green", [ "v0" ] ],
    [ "r11:1", "led3:C", "green", [ "h0" ] ],
    [ "r10:1", "led2:C", "green", [ "h0" ] ],
    [ "r9:1", "led1:C", "green", [ "h0" ] ],
    [ "bb1:3b.g", "r1:2", "green", [ "v0" ] ],
    [ "bb1:3b.g", "r7:2", "green", [ "v0", "h9.6" ] ],
    [ "led12:C", "r1:1", "green", [ "v9.6", "h0.4" ] ],
    [ "r7:1", "led10:C", "green", [ "h0" ] ],
    [ "r8:1", "led11:C", "green", [ "h0" ] ],
    [ "r8:2", "bb1:3b.g", "green", [ "h0" ] ],
    [ "led1:A", "bb2:12t.a", "", [ "$bb" ] ],
    [ "led1:C", "bb2:11t.a", "", [ "$bb" ] ],
    [ "led2:A", "bb2:8t.a", "", [ "$bb" ] ],
    [ "led2:C", "bb2:7t.a", "", [ "$bb" ] ],
    [ "led3:A", "bb2:4t.a", "", [ "$bb" ] ],
    [ "led3:C", "bb2:3t.a", "", [ "$bb" ] ],
    [ "led4:A", "bb4:12t.a", "", [ "$bb" ] ],
    [ "led4:C", "bb4:11t.a", "", [ "$bb" ] ],
    [ "led5:A", "bb4:8t.a", "", [ "$bb" ] ],
    [ "led5:C", "bb4:7t.a", "", [ "$bb" ] ],
    [ "led6:A", "bb4:4t.a", "", [ "$bb" ] ],
    [ "led6:C", "bb4:3t.a", "", [ "$bb" ] ],
    [ "led7:A", "bb3:12t.a", "", [ "$bb" ] ],
    [ "led7:C", "bb3:11t.a", "", [ "$bb" ] ],
    [ "led8:A", "bb3:8t.a", "", [ "$bb" ] ],
    [ "led8:C", "bb3:7t.a", "", [ "$bb" ] ],
    [ "led9:A", "bb3:4t.a", "", [ "$bb" ] ],
    [ "led9:C", "bb3:3t.a", "", [ "$bb" ] ],
    [ "led10:A", "bb1:12t.a", "", [ "$bb" ] ],
    [ "led10:C", "bb1:11t.a", "", [ "$bb" ] ],
    [ "led11:A", "bb1:8t.a", "", [ "$bb" ] ],
    [ "led11:C", "bb1:7t.a", "", [ "$bb" ] ],
    [ "led12:A", "bb1:4t.a", "", [ "$bb" ] ],
    [ "led12:C", "bb1:3t.a", "", [ "$bb" ] ],
    [ "r4:1", "bb3:3t.b", "", [ "$bb" ] ],
    [ "r4:2", "bb3:3b.f", "", [ "$bb" ] ],
    [ "r8:1", "bb1:6t.b", "", [ "$bb" ] ],
    [ "r8:2", "bb1:6b.f", "", [ "$bb" ] ]
  ],
  "dependencies": {}
}